<?xml version="1.0" encoding="UTF-8"?>
<!DOCTYPE mapper PUBLIC "-//mybatis.org//DTD Mapper 3.0//EN" "http://mybatis.org/dtd/mybatis-3-mapper.dtd">
<mapper namespace="javaee.msg.mapper.MsgMapper">
  <resultMap id="BaseResultMap" type="javaee.msg.entity.Msg">
    <!--
      WARNING - @mbg.generated
      This element is automatically generated by MyBatis Generator, do not modify.
      This element was generated on Tue Nov 26 18:34:36 CST 2024.
    -->
    <result column="id" jdbcType="INTEGER" property="id" />
    <result column="nickname" jdbcType="VARCHAR" property="nickname" />
    <result column="qq" jdbcType="VARCHAR" property="qq" />
    <result column="email" jdbcType="VARCHAR" property="email" />
    <result column="reply_id" jdbcType="VARCHAR" property="replyId" />
    <result column="creat_time" jdbcType="VARCHAR" property="creatTime" />
  </resultMap>
  <insert id="insert" parameterType="javaee.msg.entity.Msg">
    <!--
      WARNING - @mbg.generated
      This element is automatically generated by MyBatis Generator, do not modify.
      This element was generated on Tue Nov 26 18:34:36 CST 2024.
    -->
    insert into msg (id, nickname, qq, 
      email, reply_id, creat_time
      )
    values (#{id,jdbcType=INTEGER}, #{nickname,jdbcType=VARCHAR}, #{qq,jdbcType=VARCHAR}, 
      #{email,jdbcType=VARCHAR}, #{replyId,jdbcType=VARCHAR}, #{creatTime,jdbcType=VARCHAR}
      )
  </insert>
  <select id="selectAll" resultMap="BaseResultMap">
    <!--
      WARNING - @mbg.generated
      This element is automatically generated by MyBatis Generator, do not modify.
      This element was generated on Tue Nov 26 18:34:36 CST 2024.
    -->
    select id, nickname, qq, email, reply_id, creat_time
    from msg
  </select>
</mapper>